Date,High,Low,Open,Close,Volume,Adj Close,Status,Middle,Height
2017-11-01,8256.4501953125,8160.0,8251.0,8238.400390625,631375.0,8094.291015625,Decrease,8244.7001953125,12.599609375
2017-11-02,8273.9501953125,8201.0,8250.0,8225.7998046875,247753.0,8081.91064453125,Decrease,8237.89990234375,24.2001953125
2017-11-03,8242.900390625,8175.0,8235.0,8219.400390625,288916.0,8075.623046875,Decrease,8227.2001953125,15.599609375
2017-11-06,8370.5498046875,8199.349609375,8209.5,8310.2001953125,392588.0,8164.8349609375,Increase,8259.85009765625,100.7001953125
2017-11-07,8348.0,8210.0,8348.0,8220.2998046875,348296.0,8076.5068359375,Decrease,8284.14990234375,127.7001953125
2017-11-08,8285.0498046875,8204.900390625,8218.0,8232.0,199176.0,8088.001953125,Increase,8225.0,14.0
2017-11-09,8273.7001953125,8148.7001953125,8273.7001953125,8204.7998046875,442672.0,8061.27783203125,Decrease,8239.25,68.900390625
2017-11-10,8234.900390625,8111.0498046875,8198.7998046875,8183.5,351694.0,8040.3505859375,Decrease,8191.14990234375,15.2998046875
2017-11-13,8219.0498046875,8080.0,8185.0,8109.2001953125,181361.0,7967.3505859375,Decrease,8147.10009765625,75.7998046875
2017-11-14,8186.0,8109.0,8129.0,8122.9501953125,237427.0,7980.8603515625,Decrease,8125.97509765625,6.0498046875
2017-11-15,8180.0,8087.0,8100.0,8127.25,275441.0,7985.0849609375,Increase,8113.625,27.25
2017-11-16,8234.849609375,8129.25,8130.0,8163.7001953125,321844.0,8020.8974609375,Increase,8146.85009765625,33.7001953125
2017-11-17,8362.4501953125,8218.0,8218.0,8348.349609375,419255.0,8202.3173828125,Increase,8283.1748046875,130.349609375
2017-11-20,8449.0,8350.0,8377.0,8425.650390625,372037.0,8278.265625,Increase,8401.3251953125,48.650390625
2017-11-21,8449.4501953125,8401.0,8446.0,8424.7998046875,255180.0,8277.4296875,Decrease,8435.39990234375,21.2001953125
2017-11-22,8525.0,8444.0,8448.0,8513.150390625,383442.0,8364.234375,Increase,8480.5751953125,65.150390625
2017-11-23,8519.0,8443.5,8512.0,8463.400390625,289808.0,8315.35546875,Decrease,8487.7001953125,48.599609375
2017-11-24,8540.0,8463.400390625,8463.400390625,8487.9501953125,343432.0,8339.474609375,Increase,8475.67529296875,24.5498046875
2017-11-27,8524.2001953125,8445.0,8486.0,8508.599609375,172254.0,8359.763671875,Increase,8497.2998046875,22.599609375
2017-11-28,8658.0,8476.0498046875,8490.599609375,8624.150390625,456041.0,8473.2939453125,Increase,8557.375,133.55078125
2017-11-29,8696.0,8576.0,8649.0,8671.349609375,382984.0,8519.666015625,Increase,8660.1748046875,22.349609375
2017-11-30,8676.0,8575.0,8650.0,8599.099609375,582023.0,8448.6806640625,Decrease,8624.5498046875,50.900390625
2017-12-01,8695.0,8593.0,8660.0,8609.0,436589.0,8458.4072265625,Decrease,8634.5,51.0
2017-12-04,8659.9501953125,8480.5498046875,8659.75,8500.7998046875,242191.0,8352.1005859375,Decrease,8580.27490234375,158.9501953125
2017-12-05,8554.9501953125,8476.5,8519.9501953125,8500.400390625,213998.0,8351.7080078125,Decrease,8510.17529296875,19.5498046875
2017-12-06,8638.75,8450.0498046875,8494.0,8612.400390625,420876.0,8461.7490234375,Increase,8553.2001953125,118.400390625
2017-12-07,8988.25,8614.5498046875,8615.900390625,8882.400390625,834850.0,8727.025390625,Increase,8749.150390625,266.5
2017-12-08,9119.0,8899.0,8929.7998046875,9042.25,1006694.0,8884.0791015625,Increase,8986.02490234375,112.4501953125
2017-12-11,9167.0,9089.75,9108.0,9133.7998046875,564023.0,8974.02734375,Increase,9120.89990234375,25.7998046875
2017-12-12,9218.5,9100.0,9150.0,9131.349609375,491488.0,8971.6201171875,Decrease,9140.6748046875,18.650390625
2017-12-13,9176.0,9075.0,9091.0,9120.650390625,446829.0,8961.1083984375,Increase,9105.8251953125,29.650390625
2017-12-14,9146.7998046875,9046.0,9127.0,9112.75,655484.0,8953.345703125,Decrease,9119.875,14.25
2017-12-15,9236.2998046875,9147.2998046875,9170.0,9165.900390625,620495.0,9005.56640625,Decrease,9167.9501953125,4.099609375
2017-12-18,9344.0,8990.150390625,9110.0,9309.099609375,658668.0,9146.26171875,Increase,9209.5498046875,199.099609375
2017-12-19,9858.0,9326.0,9345.0,9801.5,1275759.0,9630.0478515625,Increase,9573.25,456.5
2017-12-20,9996.400390625,9700.25,9966.0,9733.900390625,1216280.0,9563.630859375,Decrease,9849.9501953125,232.099609375
2017-12-21,9817.400390625,9610.0498046875,9788.0,9631.0498046875,849633.0,9462.580078125,Decrease,9709.52490234375,156.9501953125
2017-12-22,9824.7998046875,9605.0,9665.0,9700.0,814330.0,9530.3232421875,Increase,9682.5,35.0
2017-12-26,9765.0,9616.2001953125,9741.0,9679.0,542587.0,9509.6904296875,Decrease,9710.0,62.0
2017-12-27,9750.7001953125,9629.099609375,9694.0,9644.099609375,402886.0,9475.4013671875,Decrease,9669.0498046875,49.900390625
2017-12-28,9693.5,9615.7998046875,9693.5,9629.2001953125,659995.0,9460.76171875,Decrease,9661.35009765625,64.2998046875
2017-12-29,9769.0,9650.0,9659.0,9729.5498046875,471554.0,9559.3564453125,Increase,9694.27490234375,70.5498046875
2018-01-01,9789.0,9629.7998046875,9749.0,9651.900390625,426354.0,9483.0654296875,Decrease,9700.4501953125,97.099609375
2018-01-02,9718.599609375,9525.0,9699.0,9554.0498046875,451227.0,9386.92578125,Decrease,9626.52490234375,144.9501953125
2018-01-03,9598.0,9402.0,9597.0,9416.599609375,658281.0,9251.8798828125,Decrease,9506.7998046875,180.400390625
2018-01-04,9488.0,9367.2001953125,9450.0,9386.25,562919.0,9222.0615234375,Decrease,9418.125,63.75
2018-01-05,9532.0,9412.5498046875,9458.0,9433.849609375,732512.0,9268.828125,Decrease,9445.9248046875,24.150390625
2018-01-08,9495.0,9425.0,9488.0,9448.9501953125,294549.0,9283.6650390625,Decrease,9468.47509765625,39.0498046875
2018-01-09,9491.4501953125,9361.0,9464.7998046875,9383.5498046875,427590.0,9219.4091796875,Decrease,9424.1748046875,81.25
2018-01-10,9454.849609375,9315.900390625,9387.7998046875,9375.849609375,394826.0,9211.84375,Decrease,9381.82470703125,11.9501953125
2018-01-11,9430.0,9326.0,9410.0,9339.7998046875,368996.0,9176.423828125,Decrease,9374.89990234375,70.2001953125
2018-01-12,9494.75,9355.099609375,9387.0,9459.150390625,685141.0,9293.6875,Increase,9423.0751953125,72.150390625
2018-01-15,9508.5498046875,9340.0,9499.9501953125,9358.4501953125,385462.0,9194.748046875,Decrease,9429.2001953125,141.5
2018-01-16,9408.650390625,9300.0,9371.0,9322.0498046875,364816.0,9158.984375,Decrease,9346.52490234375,48.9501953125
2018-01-17,9368.7998046875,9256.0,9316.0,9313.900390625,390461.0,9150.9775390625,Decrease,9314.9501953125,2.099609375
2018-01-18,9518.900390625,9332.0,9350.0,9368.7001953125,686971.0,9204.8193359375,Increase,9359.35009765625,18.7001953125
2018-01-19,9396.0,9282.0,9325.0,9323.9501953125,542339.0,9160.8515625,Decrease,9324.47509765625,1.0498046875
2018-01-22,9356.75,9271.599609375,9349.0,9310.099609375,454188.0,9147.244140625,Decrease,9329.5498046875,38.900390625
2018-01-23,9429.2998046875,9290.0,9347.0,9393.400390625,561948.0,9229.0869140625,Increase,9370.2001953125,46.400390625
2018-01-24,9519.9501953125,9340.4501953125,9419.0,9434.9501953125,568489.0,9269.91015625,Increase,9426.97509765625,15.9501953125
2018-01-25,9485.0,9250.0,9485.0,9278.2001953125,705224.0,9115.90234375,Decrease,9381.60009765625,206.7998046875
2018-01-29,9714.0,9461.0,9481.0,9630.7001953125,1546624.0,9462.236328125,Increase,9555.85009765625,149.7001953125
2018-01-30,9675.5,9550.0,9620.0,9571.5498046875,573988.0,9404.1201171875,Decrease,9595.77490234375,48.4501953125
2018-01-31,9585.0,9458.900390625,9558.0498046875,9509.7001953125,462650.0,9343.3525390625,Decrease,9533.875,48.349609375
2018-02-01,9563.7001953125,9312.0,9545.0,9401.849609375,550971.0,9237.388671875,Decrease,9473.4248046875,143.150390625
2018-02-02,9359.0,8940.0,9359.0,8990.599609375,984189.0,8833.33203125,Decrease,9174.7998046875,368.400390625
2018-02-05,9120.0,8688.0,8850.150390625,9080.599609375,651062.0,8921.7578125,Increase,8965.375,230.44921875
2018-02-06,9113.5,8661.599609375,8700.0,8984.599609375,840339.0,8827.4365234375,Increase,8842.2998046875,284.599609375
2018-02-07,9170.0,8873.0,9170.0,8921.7998046875,509440.0,8765.736328125,Decrease,9045.89990234375,248.2001953125
2018-02-08,9060.0,8915.0,8988.900390625,9030.7001953125,465683.0,8872.7314453125,Increase,9009.80029296875,41.7998046875
2018-02-09,8986.5498046875,8870.0,8906.0,8936.099609375,364892.0,8779.78515625,Increase,8921.0498046875,30.099609375
2018-02-12,9150.0,8960.0,8960.0,9117.849609375,408523.0,8958.3564453125,Increase,9038.9248046875,157.849609375
2018-02-14,9157.5,8986.0,9149.900390625,9001.599609375,357737.0,8844.1396484375,Decrease,9075.75,148.30078125
2018-02-15,9090.0,9001.0,9049.0,9020.25,250781.0,8862.46484375,Decrease,9034.625,28.75
2018-02-16,9070.0,8806.849609375,9039.900390625,8836.9501953125,632659.0,8682.37109375,Decrease,8938.42529296875,202.9501953125
2018-02-19,8865.849609375,8691.650390625,8856.0,8724.849609375,436138.0,8572.23046875,Decrease,8790.4248046875,131.150390625
2018-02-20,8768.9501953125,8650.0,8745.0,8722.650390625,517802.0,8570.0703125,Decrease,8733.8251953125,22.349609375
2018-02-21,8795.0,8708.2001953125,8771.0,8782.75,471756.0,8629.1181640625,Increase,8776.875,11.75
2018-02-22,8769.0,8601.5,8769.0,8634.0498046875,638857.0,8483.01953125,Decrease,8701.52490234375,134.9501953125
2018-02-23,8738.9501953125,8655.0498046875,8665.0,8698.7998046875,567960.0,8546.63671875,Increase,8681.89990234375,33.7998046875
2018-02-26,9055.0,8750.0498046875,8758.0,9005.349609375,869374.0,8847.82421875,Increase,8881.6748046875,247.349609375
2018-02-27,9114.9501953125,8872.599609375,9093.0,8891.2001953125,684609.0,8735.671875,Decrease,8992.10009765625,201.7998046875
2018-02-28,8934.0,8772.0,8870.0,8850.9501953125,680125.0,8696.125,Decrease,8860.47509765625,19.0498046875
2018-03-01,8936.0498046875,8811.349609375,8874.0,8873.4501953125,609369.0,8718.2314453125,Decrease,8873.72509765625,0.5498046875
2018-03-05,8867.0,8775.0,8867.0,8795.099609375,388180.0,8641.251953125,Decrease,8831.0498046875,71.900390625
2018-03-06,8885.0,8600.0,8855.5498046875,8616.5,543686.0,8465.7763671875,Decrease,8736.02490234375,239.0498046875
2018-03-07,8713.849609375,8552.0,8621.7998046875,8679.099609375,598715.0,8527.28125,Increase,8650.44970703125,57.2998046875
2018-03-08,8775.0,8651.0,8700.2001953125,8729.349609375,533856.0,8576.65234375,Increase,8714.77490234375,29.1494140625
2018-03-09,8774.0,8650.0,8760.0,8660.599609375,323450.0,8509.10546875,Decrease,8710.2998046875,99.400390625
2018-03-12,8826.7998046875,8681.099609375,8719.0,8810.2998046875,438339.0,8656.1865234375,Increase,8764.64990234375,91.2998046875
2018-03-13,8848.0,8691.0,8810.0,8756.0498046875,521943.0,8602.884765625,Decrease,8783.02490234375,53.9501953125
2018-03-14,8874.0,8725.0498046875,8735.0,8846.2998046875,411769.0,8691.556640625,Increase,8790.64990234375,111.2998046875
2018-03-15,8875.0,8800.9501953125,8839.900390625,8837.5498046875,313431.0,8682.958984375,Decrease,8838.72509765625,2.3505859375
2018-03-16,8869.0,8649.400390625,8869.0,8676.5498046875,622932.0,8524.7763671875,Decrease,8772.77490234375,192.4501953125
2018-03-19,8800.0,8703.5498046875,8711.5,8773.5,571830.0,8620.0302734375,Increase,8742.5,62.0
2018-03-20,8845.5,8735.0,8764.4501953125,8802.400390625,408924.0,8648.42578125,Increase,8783.42529296875,37.9501953125
2018-03-21,8945.0,8825.0498046875,8839.900390625,8874.650390625,516020.0,8719.4111328125,Increase,8857.275390625,34.75
2018-03-22,8910.5,8684.400390625,8870.0,8696.5498046875,471749.0,8544.42578125,Decrease,8783.27490234375,173.4501953125
2018-03-23,8640.5,8542.099609375,8612.5498046875,8607.25,644482.0,8456.6884765625,Decrease,8609.89990234375,5.2998046875
2018-03-26,8798.0,8605.0,8607.0,8765.2998046875,447858.0,8611.97265625,Increase,8686.14990234375,158.2998046875
2018-03-27,8887.0,8767.150390625,8815.0,8852.2998046875,423455.0,8697.451171875,Increase,8833.64990234375,37.2998046875
2018-03-28,9084.0,8801.0,8812.0,8861.099609375,1194227.0,8706.09765625,Increase,8836.5498046875,49.099609375
2018-04-02,9088.0,8953.25,8990.0,9008.2001953125,552649.0,8850.625,Increase,8999.10009765625,18.2001953125
2018-04-03,9060.0,8955.0,9008.9501953125,9026.4501953125,339709.0,8868.5556640625,Increase,9017.7001953125,17.5
2018-04-04,9149.400390625,8980.599609375,9078.0,9013.5,488280.0,8855.83203125,Decrease,9045.75,64.5
2018-04-05,9157.650390625,9050.0,9050.0,9132.599609375,236956.0,8972.8486328125,Increase,9091.2998046875,82.599609375
2018-04-06,9230.0,9042.5498046875,9165.0,9206.2001953125,429514.0,9045.162109375,Increase,9185.60009765625,41.2001953125
2018-04-09,9308.150390625,9184.7001953125,9220.0,9292.650390625,426170.0,9130.099609375,Increase,9256.3251953125,72.650390625
2018-04-10,9315.4501953125,9239.0,9290.0,9273.4501953125,299119.0,9111.234375,Decrease,9281.72509765625,16.5498046875
2018-04-11,9350.0,9208.5498046875,9290.0,9302.5,318010.0,9139.77734375,Increase,9296.25,12.5
2018-04-12,9290.0,9181.099609375,9290.0,9204.4501953125,300797.0,9043.44140625,Decrease,9247.22509765625,85.5498046875
2018-04-13,9267.0,9106.25,9267.0,9123.9501953125,366224.0,8964.349609375,Decrease,9195.47509765625,143.0498046875
2018-04-16,9245.0,9065.0,9100.0,9232.0,271057.0,9070.509765625,Increase,9166.0,132.0
2018-04-17,9242.0,9137.5498046875,9241.0,9160.349609375,342578.0,9000.11328125,Decrease,9200.6748046875,80.650390625
2018-04-18,9227.4501953125,9095.900390625,9178.0,9121.5,452854.0,8961.9423828125,Decrease,9149.75,56.5
2018-04-19,9183.75,9068.0,9144.0,9077.650390625,256088.0,8918.8603515625,Decrease,9110.8251953125,66.349609375
2018-04-20,9108.150390625,9012.9501953125,9082.0,9025.0,303913.0,8867.130859375,Decrease,9053.5,57.0
2018-04-23,9125.0,9005.9501953125,9039.900390625,9064.849609375,302205.0,8906.283203125,Increase,9052.375,24.94921875
2018-04-24,9142.5498046875,9031.0,9095.0,9064.650390625,312103.0,8906.0869140625,Decrease,9079.8251953125,30.349609375
2018-04-25,9068.7998046875,8908.0,9059.0,8934.599609375,488641.0,8778.3115234375,Decrease,8996.7998046875,124.400390625
2018-04-26,8981.0,8890.0,8949.0,8946.4501953125,614321.0,8789.955078125,Decrease,8947.72509765625,2.5498046875
2018-04-27,9137.0,8715.099609375,9015.0,8783.349609375,1873816.0,8629.7080078125,Decrease,8899.1748046875,231.650390625
2018-04-30,8904.2001953125,8760.2998046875,8790.0,8814.9501953125,497504.0,8660.7548828125,Increase,8802.47509765625,24.9501953125
2018-05-02,8998.0,8725.0,8915.0,8744.5,806846.0,8591.537109375,Decrease,8829.75,170.5
2018-05-03,8799.0,8700.0,8765.0,8755.9501953125,406825.0,8602.787109375,Decrease,8760.47509765625,9.0498046875
2018-05-04,8790.0,8665.0,8784.0,8678.2001953125,490244.0,8526.3974609375,Decrease,8731.10009765625,105.7998046875
2018-05-07,8770.0,8660.0,8693.0,8743.7001953125,342702.0,8590.7509765625,Increase,8718.35009765625,50.7001953125
2018-05-08,8806.2001953125,8690.0,8785.0,8775.2001953125,404969.0,8621.701171875,Decrease,8780.10009765625,9.7998046875
2018-05-09,8795.0,8705.0,8795.0,8718.349609375,314057.0,8565.8447265625,Decrease,8756.6748046875,76.650390625
2018-05-10,8758.0,8690.0,8758.0,8704.9501953125,298598.0,8552.6796875,Decrease,8731.47509765625,53.0498046875
2018-05-11,8765.0,8702.0498046875,8738.0,8750.2998046875,264405.0,8597.2353515625,Increase,8744.14990234375,12.2998046875
2018-05-14,8760.0,8688.099609375,8751.0,8707.0,276620.0,8554.693359375,Decrease,8729.0,44.0
2018-05-15,8750.349609375,8639.0,8725.0,8726.599609375,506107.0,8573.9501953125,Increase,8725.7998046875,1.599609375
2018-05-16,8733.4501953125,8675.0,8675.0,8695.599609375,288597.0,8543.4931640625,Increase,8685.2998046875,20.599609375
2018-05-17,8766.4501953125,8661.2001953125,8725.0,8697.5,379606.0,8545.3603515625,Decrease,8711.25,27.5
2018-05-18,8725.0,8496.0,8700.7998046875,8510.9501953125,603507.0,8362.0732421875,Decrease,8605.875,189.849609375
2018-05-21,8524.7998046875,8255.5,8518.0,8428.5,872463.0,8281.0654296875,Decrease,8473.25,89.5
2018-05-22,8586.400390625,8371.25,8416.0,8560.650390625,410467.0,8410.9033203125,Increase,8488.3251953125,144.650390625
2018-05-23,8564.7998046875,8458.2001953125,8560.0,8497.400390625,399631.0,8348.7607421875,Decrease,8528.7001953125,62.599609375
2018-05-24,8518.2998046875,8400.0,8500.099609375,8410.75,292331.0,8263.6259765625,Decrease,8455.4248046875,89.349609375
2018-05-25,8574.0,8395.150390625,8412.0,8548.150390625,519151.0,8398.6220703125,Increase,8480.0751953125,136.150390625
2018-05-28,8785.0,8555.099609375,8560.0,8709.2998046875,446264.0,8556.953125,Increase,8634.64990234375,149.2998046875
2018-05-29,8840.0,8680.0,8718.0,8714.900390625,665121.0,8562.4560546875,Decrease,8716.4501953125,3.099609375
2018-05-30,8669.0,8572.849609375,8669.0,8588.2001953125,508262.0,8437.9716796875,Decrease,8628.60009765625,80.7998046875
2018-05-31,8639.099609375,8515.900390625,8639.0,8537.2001953125,679959.0,8387.8642578125,Decrease,8588.10009765625,101.7998046875
2018-06-01,8848.400390625,8590.0498046875,8610.0,8808.849609375,1002010.0,8654.76171875,Increase,8709.4248046875,198.849609375
2018-06-04,8840.0,8726.0498046875,8840.0,8749.849609375,380690.0,8596.79296875,Decrease,8794.9248046875,90.150390625
2018-06-05,8830.0,8680.0,8750.0,8810.400390625,400886.0,8656.28515625,Increase,8780.2001953125,60.400390625
2018-06-06,8870.0,8810.0,8829.0,8842.349609375,328784.0,8687.6748046875,Increase,8835.6748046875,13.349609375
2018-06-07,8934.7998046875,8865.0,8874.0,8911.25,267961.0,8755.3701171875,Increase,8892.625,37.25
2018-06-08,8950.0,8871.0,8894.0,8932.4501953125,287823.0,8776.2001953125,Increase,8913.22509765625,38.4501953125
2018-06-11,9046.0,8921.5,8960.0,9022.650390625,337828.0,8864.822265625,Increase,8991.3251953125,62.650390625
2018-06-12,9065.0,8955.0,9039.0,9016.75,343452.0,8859.025390625,Decrease,9027.875,22.25
2018-06-13,9094.9501953125,8943.0,9030.0,8967.349609375,369407.0,8810.4892578125,Decrease,8998.6748046875,62.650390625
2018-06-14,9019.9501953125,8908.0,8932.0498046875,8958.0,269078.0,8801.302734375,Increase,8945.02490234375,25.9501953125
2018-06-15,8995.0,8901.0,8995.0,8951.599609375,496572.0,8795.013671875,Decrease,8973.2998046875,43.400390625
2018-06-18,9050.400390625,8937.9501953125,8947.5,8973.4501953125,305144.0,8816.482421875,Increase,8960.47509765625,25.9501953125
2018-06-19,8984.7998046875,8820.0498046875,8970.0,8862.599609375,350407.0,8707.5712890625,Decrease,8916.2998046875,107.400390625
2018-06-20,8970.0,8863.0,8873.0,8948.2998046875,325981.0,8791.7724609375,Increase,8910.64990234375,75.2998046875
2018-06-21,8986.0,8852.9501953125,8978.0,8863.0498046875,313349.0,8708.013671875,Decrease,8920.52490234375,114.9501953125
2018-06-22,8887.0,8810.0,8865.0,8874.900390625,319027.0,8719.65625,Increase,8869.9501953125,9.900390625
2018-06-25,8869.0,8780.0,8869.0,8793.0,254954.0,8639.189453125,Decrease,8831.0,76.0
2018-06-26,8985.349609375,8750.0,8793.0,8931.349609375,387769.0,8775.1181640625,Increase,8862.1748046875,138.349609375
2018-06-27,9012.0,8873.0,8935.9501953125,8898.2998046875,501622.0,8742.646484375,Decrease,8917.125,37.650390625
2018-06-28,8894.0498046875,8735.0498046875,8892.0,8771.2998046875,376404.0,8617.869140625,Decrease,8831.64990234375,120.7001953125
2018-06-29,8900.0,8750.2998046875,8750.2998046875,8825.599609375,458807.0,8671.21875,Increase,8787.94970703125,75.2998046875
2018-07-02,8935.0,8800.0498046875,8878.0,8821.0498046875,298529.0,8666.748046875,Decrease,8849.52490234375,56.9501953125
2018-07-03,8995.0,8750.0,8825.0,8975.150390625,375718.0,8818.1533203125,Increase,8900.0751953125,150.150390625
2018-07-04,9249.25,8952.5,9014.0,9220.7998046875,656141.0,9059.505859375,Increase,9117.39990234375,206.7998046875
2018-07-05,9395.0,9225.75,9228.0,9347.0498046875,887919.0,9183.546875,Increase,9287.52490234375,119.0498046875
2018-07-06,9413.9501953125,9260.0,9315.0,9317.5,508241.0,9154.513671875,Increase,9316.25,2.5
2018-07-09,9419.849609375,9350.0,9395.0,9374.900390625,331872.0,9210.91015625,Decrease,9384.9501953125,20.099609375
2018-07-10,9545.900390625,9380.0,9380.0,9531.0,485745.0,9364.279296875,Increase,9455.5,151.0
2018-07-11,9529.349609375,9361.0,9529.0,9384.7001953125,328446.0,9220.5390625,Decrease,9456.85009765625,144.2998046875
2018-07-12,9508.0,9325.25,9448.0,9347.0,336960.0,9183.4990234375,Decrease,9397.5,101.0
2018-07-13,9495.0,9362.25,9408.0,9431.0498046875,511150.0,9266.078125,Increase,9419.52490234375,23.0498046875
2018-07-16,9498.900390625,9355.0,9429.0,9385.2998046875,216426.0,9221.1279296875,Decrease,9407.14990234375,43.7001953125
2018-07-17,9479.7001953125,9347.0,9351.150390625,9445.400390625,457123.0,9280.177734375,Increase,9398.275390625,94.25
2018-07-18,9534.0,9296.900390625,9482.2998046875,9366.7998046875,430624.0,9202.9521484375,Decrease,9424.5498046875,115.5
2018-07-19,9434.0,9350.0,9408.0,9389.099609375,199983.0,9224.861328125,Decrease,9398.5498046875,18.900390625
2018-07-20,9464.0,9335.0,9392.0,9398.9501953125,272916.0,9234.5400390625,Increase,9395.47509765625,6.9501953125
2018-07-23,9750.0,9372.0,9448.0,9701.0,607813.0,9531.3056640625,Increase,9574.5,253.0
2018-07-24,9929.0,9725.0,9778.0,9832.4501953125,749626.0,9660.45703125,Increase,9805.22509765625,54.4501953125
2018-07-25,9875.849609375,9701.0,9853.0,9758.9501953125,384750.0,9588.2421875,Decrease,9805.97509765625,94.0498046875
2018-07-26,9831.7001953125,9361.0,9819.7998046875,9396.25,1261317.0,9231.88671875,Decrease,9608.02490234375,423.5498046875
2018-07-27,9442.2001953125,9290.0,9402.0,9310.400390625,672141.0,9147.5390625,Decrease,9356.2001953125,91.599609375
2018-07-30,9404.5,9233.0,9320.0,9381.900390625,539464.0,9217.7880859375,Increase,9350.9501953125,61.900390625
2018-07-31,9548.849609375,9355.0,9400.0,9520.5498046875,426388.0,9354.0126953125,Increase,9460.27490234375,120.5498046875
2018-08-01,9587.75,9300.0,9535.0,9341.599609375,700719.0,9178.1923828125,Decrease,9438.2998046875,193.400390625
2018-08-02,9327.0,9120.0,9327.0,9142.400390625,875157.0,8982.4775390625,Decrease,9234.7001953125,184.599609375
2018-08-03,9230.0,9150.0,9150.0,9187.0,470958.0,9026.296875,Increase,9168.5,37.0
2018-08-06,9300.0,9200.0,9247.5,9286.400390625,237693.0,9123.958984375,Increase,9266.9501953125,38.900390625
2018-08-07,9420.0,9271.0,9316.0,9411.5,381993.0,9246.8701171875,Increase,9363.75,95.5
2018-08-08,9449.0,9183.0498046875,9449.0,9207.400390625,638498.0,9046.3408203125,Decrease,9328.2001953125,241.599609375
2018-08-09,9239.0,9060.0,9239.0,9146.0498046875,651728.0,8986.0634765625,Decrease,9192.52490234375,92.9501953125
2018-08-10,9210.0,9105.0,9150.0,9148.25,427827.0,8988.224609375,Decrease,9149.125,1.75
2018-08-13,9185.0,9012.2001953125,9119.4501953125,9080.849609375,348201.0,8922.00390625,Decrease,9100.14990234375,38.6005859375
2018-08-14,9158.7998046875,9046.25,9079.0,9132.599609375,344056.0,9052.599609375,Increase,9105.7998046875,53.599609375
2018-08-16,9235.9501953125,9085.0,9124.0,9200.5498046875,465479.0,9200.5498046875,Increase,9162.27490234375,76.5498046875
2018-08-17,9286.5,9130.0,9243.0,9152.099609375,477538.0,9152.099609375,Decrease,9197.5498046875,90.900390625
2018-08-20,9217.7998046875,9062.0,9170.7001953125,9074.349609375,449317.0,9074.349609375,Decrease,9122.52490234375,96.3505859375
2018-08-21,9130.0,9050.400390625,9110.0,9113.2998046875,380824.0,9113.2998046875,Increase,9111.64990234375,3.2998046875
2018-08-23,9256.0,9100.099609375,9145.0,9223.2998046875,751705.0,9223.2998046875,Increase,9184.14990234375,78.2998046875
2018-08-24,9279.900390625,9142.099609375,9240.0,9163.7998046875,401110.0,9163.7998046875,Decrease,9201.89990234375,76.2001953125
2018-08-27,9274.0,9200.0,9209.0,9245.25,326945.0,9245.25,Increase,9227.125,36.25
2018-08-28,9446.5,9215.0,9277.5498046875,9427.9501953125,684054.0,9427.9501953125,Increase,9352.75,150.400390625
2018-08-29,9468.2998046875,9339.650390625,9421.0,9368.099609375,433440.0,9368.099609375,Decrease,9394.5498046875,52.900390625
2018-08-30,9370.0,9182.650390625,9370.0,9205.7998046875,674292.0,9205.7998046875,Decrease,9287.89990234375,164.2001953125
2018-08-31,9255.0,9080.2998046875,9208.0,9096.400390625,634522.0,9096.400390625,Decrease,9152.2001953125,111.599609375
2018-09-03,9118.9501953125,8875.0,9100.0,8902.150390625,992161.0,8902.150390625,Decrease,9001.0751953125,197.849609375
2018-09-04,8999.0,8835.4501953125,8912.0,8868.5,530967.0,8868.5,Decrease,8890.25,43.5
2018-09-05,8950.0,8790.599609375,8871.0,8896.099609375,491163.0,8896.099609375,Increase,8883.5498046875,25.099609375
2018-09-06,8967.7001953125,8741.0,8967.7001953125,8759.849609375,687535.0,8759.849609375,Decrease,8863.77490234375,207.8505859375
2018-09-07,8789.0,8634.25,8775.0,8719.2001953125,636918.0,8719.2001953125,Decrease,8747.10009765625,55.7998046875
2018-09-10,8750.0,8625.0,8700.0,8639.400390625,577299.0,8639.400390625,Decrease,8669.7001953125,60.599609375
2018-09-11,8699.900390625,8479.599609375,8668.0,8517.0498046875,552622.0,8517.0498046875,Decrease,8592.52490234375,150.9501953125
2018-09-12,8539.0,8401.0,8539.0,8493.9501953125,634678.0,8493.9501953125,Decrease,8516.47509765625,45.0498046875
2018-09-14,8700.0,8580.349609375,8593.0,8626.7001953125,754169.0,8626.7001953125,Increase,8609.85009765625,33.7001953125
2018-09-17,8659.7001953125,8517.0,8587.0,8537.7998046875,422191.0,8537.7998046875,Decrease,8562.39990234375,49.2001953125
2018-09-18,8596.5,8380.2001953125,8537.7001953125,8399.150390625,507455.0,8399.150390625,Decrease,8468.42529296875,138.5498046875
2018-09-19,8448.400390625,8191.0498046875,8425.5,8210.349609375,959340.0,8210.349609375,Decrease,8317.9248046875,215.150390625
2018-09-21,8325.0,7599.64990234375,8260.0,8040.14990234375,1646047.0,8040.14990234375,Decrease,8150.074951171875,219.85009765625
2018-09-24,8070.0,7590.7001953125,8070.0,7793.0498046875,1801469.0,7793.0498046875,Decrease,7931.52490234375,276.9501953125
2018-09-25,8018.25,7680.0,7750.0,7999.4501953125,1159438.0,7999.4501953125,Increase,7874.72509765625,249.4501953125
2018-09-26,8089.89990234375,7822.5498046875,8075.0,7842.5498046875,754963.0,7842.5498046875,Decrease,7958.77490234375,232.4501953125
2018-09-27,7878.0,7510.2001953125,7850.0,7553.0498046875,1594739.0,7553.0498046875,Decrease,7701.52490234375,296.9501953125
2018-09-28,7648.2001953125,7292.64990234375,7620.0,7347.9501953125,1413254.0,7347.9501953125,Decrease,7483.97509765625,272.0498046875
2018-10-01,7485.0,7206.0,7354.0,7463.9501953125,1034603.0,7463.9501953125,Increase,7408.97509765625,109.9501953125
2018-10-03,7410.7001953125,7211.0,7400.0,7246.0,1148091.0,7246.0,Decrease,7323.0,154.0
2018-10-04,7288.0,7021.0,7150.0,7198.75,1104174.0,7198.75,Increase,7174.375,48.75
2018-10-05,7220.0,6801.85009765625,7054.7998046875,6904.35009765625,1481376.0,6904.35009765625,Decrease,6979.574951171875,150.44970703125
2018-10-08,6989.0,6774.25,6915.0,6889.75,1393849.0,6889.75,Decrease,6902.375,25.25
2018-10-09,6940.0,6661.0,6819.75,6699.4501953125,1079041.0,6699.4501953125,Decrease,6759.60009765625,120.2998046875
2018-10-10,7050.0,6723.25,6748.0,6985.85009765625,1162309.0,6985.85009765625,Increase,6866.925048828125,237.85009765625
2018-10-11,6950.0,6705.2001953125,6800.0,6875.5,869569.0,6875.5,Increase,6837.75,75.5
2018-10-12,7326.0,6950.0,6950.0,7287.2001953125,1053651.0,7287.2001953125,Increase,7118.60009765625,337.2001953125
2018-10-15,7340.0,7126.0498046875,7320.0,7182.0,682234.0,7182.0,Decrease,7251.0,138.0
2018-10-16,7278.0,7123.7998046875,7214.0,7150.89990234375,637012.0,7150.89990234375,Decrease,7182.449951171875,63.10009765625
2018-10-17,7245.0,6853.4501953125,7237.64990234375,6885.60009765625,1021019.0,6885.60009765625,Decrease,7061.625,352.0498046875
2018-10-19,6965.0,6715.5,6830.0,6756.4501953125,903940.0,6756.4501953125,Decrease,6793.22509765625,73.5498046875
2018-10-22,6905.0,6722.0498046875,6818.0,6812.2001953125,774016.0,6812.2001953125,Decrease,6815.10009765625,5.7998046875
2018-10-23,6857.0,6666.0,6779.0,6771.2998046875,734440.0,6771.2998046875,Decrease,6775.14990234375,7.7001953125
2018-10-24,6885.0,6690.0,6850.0,6768.2998046875,681526.0,6768.2998046875,Decrease,6809.14990234375,81.7001953125
2018-10-25,6853.7001953125,6620.2001953125,6700.0,6723.2001953125,2101936.0,6723.2001953125,Increase,6711.60009765625,23.2001953125
2018-10-26,6795.0,6500.0,6750.0,6717.2998046875,874526.0,6717.2998046875,Decrease,6733.64990234375,32.7001953125
2018-10-29,6810.0,6691.0498046875,6722.0,6798.7001953125,505428.0,6798.7001953125,Increase,6760.35009765625,76.7001953125
2018-10-30,6868.9501953125,6675.2001953125,6798.0,6697.0,771375.0,6697.0,Decrease,6747.5,101.0
2018-10-31,6760.0,6500.0,6760.0,6616.39990234375,1315746.0,6616.39990234375,Decrease,6688.199951171875,143.60009765625
